[
  {
    "id": 1,
    "lat": 1.28692,
    "lng": 103.85457,
    "name": "Merlion",
    "labelx": 70,
    "labely": 20,
    "description": "The Merlion is the official mascot of Singapore. It is depicted as a mythical creature with the head of a lion and the body of a fish. Being of prominent symbolic nature to Singapore and Singaporeans in general, it is widely used to represent both the city state and its people in sports teams, advertising, branding, tourism and as a national personification. The Merlion was first used in Singapore as the logo for the tourism board. Its name combines \"mer\", meaning the sea, and \"lion\". The fish body represents Singapore's origin as a fishing village when it was called Temasek, which means \"sea town\" in Javanese. The lion head represents Singapore's original name—Singapura—meaning \"lion city\" or \"kota singa\"",
    "address": "1 Fullerton Rd, Singapore 049213",
    "website": "https://www.visitsingapore.com/see-do-singapore/recreation-leisure/viewpoints/merlion-park/"
  },
  {
    "id": 2,
    "lat": 1.287466,
    "lng": 103.851424,
    "name": "Asian Civilisations Museum",
    "labelx": 130,
    "labely": 20,
    "description": "The Asian Civilisations Museum (ACM) is an institution which forms a part of the four museums in Singapore, the other three being the Peranakan Museum at Old Tao Nan School, the National Museum of Singapore and the Singapore Art Museum. It is one of the pioneering museums in the region to specialise in pan-Asian cultures and civilisations. The museum specialises in the material history of China, Southeast Asia, South Asia and West Asia, from which the diverse ethnic groups of Singapore trace their ancestry.",
    "address": "1 Empress Pl, Singapore 179555",
    "website": "https://www.nhb.gov.sg/acm/"
  },
  {
    "id": 3,
    "lat": 1.290555,
    "lng": 103.846188,
    "name": "Clarke Quay",
    "labelx": 80,
    "labely": 20,
    "description": "Clarke Quay is a historical riverside quay in Singapore, located within the Singapore River Planning Area. The quay is situated upstream from the mouth of the Singapore River and Boat Quay. Clarke Quay was named after Sir Andrew Clarke, Singapore's second Governor and Governor of the Straits Settlements from 1873 to 1875, who played a key role in positioning Singapore as the main port for the Malay states of Perak, Selangor and Sungei Ujong.",
    "address": "3 River Valley Rd, Singapore 179024",
    "website": "https://www.capitaland.com/sg/malls/clarkequay/en.html"
  },
  {
    "id": 4,
    "lat": 1.295526,
    "lng": 103.845331,
    "name": "Fort Canning Park",
    "labelx": 100,
    "labely": 20,
    "description": "Fort Canning Park, an iconic hilltop landmark has witnessed many of Singapore’s historical milestones. The hill once sited the palaces of 14th century Kings and served as the Headquarters of the Far East Command Centre and British Army Barracks. The decision to surrender Singapore to the Japanese on 15 February 1942 was also made on the hill, in the Underground Far East Command Centre, commonly known as Battle Box.",
    "address": "River Valley Rd, Singapore 179037",
    "website": "https://www.nparks.gov.sg/gardens-parks-and-nature/parks-and-nature-reserves/fort-canning-park"
  },
  {
    "id": 5,
    "lat": 1.302279,
    "lng": 103.837399,
    "name": "Orchard Road",
    "labelx": 87,
    "labely": 20,
    "description": "Orchard Road, often known colloquially as Orchard, is a major 2.5 km long road in the Central Area of Singapore. A famous tourist attraction, it is an upscale shopping area of Singapore, with numerous internationally renowned department stores, restaurants and coffeehouses located in its vicinity.",
    "address": "Orchard Rd, Singapore 238801",
    "website": "https://www.orchardroad.org/"
  },
  {
    "id": 6,
    "lat": 1.289332,
    "lng": 103.863152,
    "name": "Singapore Flyer",
    "labelx": 90,
    "labely": 20,
    "description": "The Singapore Flyer is an observation wheel at the Downtown Core district of Singapore. Officially opened on 15 April 2008, it has 28 air-conditioned capsules, each able to accommodate 28 passengers, and incorporates a three-story terminal building. The flyer has made numerous appearances in media and popular culture that features Singapore. The Flyer has an overall height of 165 metres and was the world's tallest Ferris wheel until the 167.6m High Roller, which is 2.6m taller than the Flyer",
    "address": "30 Raffles Ave., Singapore 039803",
    "website": "https://www.singaporeflyer.com/"
  },
  {
    "id": 7,
    "lat": 1.283099,
    "lng": 103.860295,
    "name": "Marina Bay Sands",
    "labelx": 100,
    "labely": 20,
    "description": "Marina Bay Sands is an integrated resort fronting Marina Bay in Singapore. The resort is owned by the Las Vegas Sands Corporation and at its opening in 2010, it was deemed the world's most expensive standalone casino property at S$8 billion. The resort includes a 2,561-room hotel, a 120,000-square-metre convention-exhibition centre, the 74,000-square-metre The Shoppes at Marina Bay Sands mall, a museum, a large theatre, \"celebrity chef\" restaurants, two floating crystal pavilions, art-science exhibits, and the world's largest atrium casino with 500 tables and 1,600 slot machines.",
    "address": "10 Bayfront Avenue, Singapore 018956",
    "website": "https://marinabaysands.com/"
  },
  {
    "id": 8,
    "lat": 1.28179,
    "lng": 103.863954,
    "name": "Garden By The Bay",
    "labelx": 105,
    "labely": 20,
    "description": "The Gardens by the Bay is a nature park spanning 101 hectares in the Central Region of Singapore, adjacent to the Marina Reservoir. The park consists of three waterfront gardens: Bay South Garden (in Marina South), Bay East Garden (in Marina East) and Bay Central Garden (in Downtown Core and Kallang). The largest of the gardens is the Bay South Garden at 54 hectares designed by Grant Associates. Its Flower Dome is the largest glass greenhouse in the world.",
    "address": "18 Marina Gardens Dr, Singapore 018953",
    "website": "https://www.gardensbythebay.com.sg/"
  },
  {
    "id": 9,
    "lat": 1.284193,
    "lng": 103.843362,
    "name": "Chinatown",
    "labelx": 78,
    "labely": 20,
    "description": "Chinatown is a subzone and ethnic enclave located within the Outram district in the Central Area of Singapore. Featuring distinctly Chinese cultural elements, Chinatown has had a historically concentrated ethnic Chinese population. Chinatown is considerably less of an enclave than it once was. However, the precinct does retain significant historical and cultural significance. Large sections of it have been declared national heritage sites officially designated for conservation by the Urban Redevelopment Authority.",
    "address": "Chinatown, Singapore 059443",
    "website": "https://chinatown.sg/"
  }
]
